{"test_case_results": [{"test_case_id": "com.example.artgallery.ArtGalleryControllerTests.testGetArts", "evaluation_result": "INCORRECT"}, {"test_case_id": "com.example.artgallery.ArtGalleryControllerTests.testGetArtNotFound", "evaluation_result": "INCORRECT"}, {"test_case_id": "com.example.artgallery.ArtGalleryControllerTests.testGetArtById", "evaluation_result": "INCORRECT"}, {"test_case_id": "com.example.artgallery.ArtGalleryControllerTests.testPostArt", "evaluation_result": "INCORRECT"}, {"test_case_id": "com.example.artgallery.ArtGalleryControllerTests.testAfterPostArt", "evaluation_result": "INCORRECT"}, {"test_case_id": "com.example.artgallery.ArtGalleryControllerTests.testDbAfterPostArt", "evaluation_result": "INCORRECT"}, {"test_case_id": "com.example.artgallery.ArtGalleryControllerTests.testPutArtNotFound", "evaluation_result": "INCORRECT"}, {"test_case_id": "com.example.artgallery.ArtGalleryControllerTests.testPutArt", "evaluation_result": "INCORRECT"}, {"test_case_id": "com.example.artgallery.ArtGalleryControllerTests.testAfterPutArt", "evaluation_result": "INCORRECT"}, {"test_case_id": "com.example.artgallery.ArtGalleryControllerTests.testDbAfterPutArt", "evaluation_result": "INCORRECT"}, {"test_case_id": "com.example.artgallery.ArtGalleryControllerTests.testDeleteArtNotFound", "evaluation_result": "INCORRECT"}, {"test_case_id": "com.example.artgallery.ArtGalleryControllerTests.testDeleteArt", "evaluation_result": "INCORRECT"}, {"test_case_id": "com.example.artgallery.ArtGalleryControllerTests.testAfterDeleteArt", "evaluation_result": "INCORRECT"}, {"test_case_id": "com.example.artgallery.ArtGalleryControllerTests.testGetArtArtist", "evaluation_result": "INCORRECT"}, {"test_case_id": "com.example.artgallery.ArtGalleryControllerTests.testGetArtistArts", "evaluation_result": "INCORRECT"}, {"test_case_id": "com.example.artgallery.ArtGalleryControllerTests.testGetGalleries", "evaluation_result": "INCORRECT"}, {"test_case_id": "com.example.artgallery.ArtGalleryControllerTests.testGetArtists", "evaluation_result": "INCORRECT"}, {"test_case_id": "com.example.artgallery.ArtGalleryControllerTests.testGetGalleryNotFound", "evaluation_result": "INCORRECT"}, {"test_case_id": "com.example.artgallery.ArtGalleryControllerTests.testGetGalleryById", "evaluation_result": "INCORRECT"}, {"test_case_id": "com.example.artgallery.ArtGalleryControllerTests.testGetArtistNotFound", "evaluation_result": "INCORRECT"}, {"test_case_id": "com.example.artgallery.ArtGalleryControllerTests.testGetArtistById", "evaluation_result": "INCORRECT"}, {"test_case_id": "com.example.artgallery.ArtGalleryControllerTests.testPostGallery", "evaluation_result": "INCORRECT"}, {"test_case_id": "com.example.artgallery.ArtGalleryControllerTests.testAfterPostGallery", "evaluation_result": "INCORRECT"}, {"test_case_id": "com.example.artgallery.ArtGalleryControllerTests.testDbAfterPostGallery", "evaluation_result": "INCORRECT"}, {"test_case_id": "com.example.artgallery.ArtGalleryControllerTests.testPostArtistBadRequest", "evaluation_result": "INCORRECT"}, {"test_case_id": "com.example.artgallery.ArtGalleryControllerTests.testPostArtist", "evaluation_result": "INCORRECT"}, {"test_case_id": "com.example.artgallery.ArtGalleryControllerTests.testAfterPostArtist", "evaluation_result": "INCORRECT"}, {"test_case_id": "com.example.artgallery.ArtGalleryControllerTests.testDbAfterPostArtist", "evaluation_result": "INCORRECT"}, {"test_case_id": "com.example.artgallery.ArtGalleryControllerTests.testPutGalleryNotFound", "evaluation_result": "INCORRECT"}, {"test_case_id": "com.example.artgallery.ArtGalleryControllerTests.testPutGallery", "evaluation_result": "INCORRECT"}, {"test_case_id": "com.example.artgallery.ArtGalleryControllerTests.testAfterPutGallery", "evaluation_result": "INCORRECT"}, {"test_case_id": "com.example.artgallery.ArtGalleryControllerTests.testDbAfterPutGallery", "evaluation_result": "INCORRECT"}, {"test_case_id": "com.example.artgallery.ArtGalleryControllerTests.testPutArtistNotFound", "evaluation_result": "INCORRECT"}, {"test_case_id": "com.example.artgallery.ArtGalleryControllerTests.testPutArtistBadRequest", "evaluation_result": "INCORRECT"}, {"test_case_id": "com.example.artgallery.ArtGalleryControllerTests.testPutArtist", "evaluation_result": "INCORRECT"}, {"test_case_id": "com.example.artgallery.ArtGalleryControllerTests.testAfterPutArtist", "evaluation_result": "INCORRECT"}, {"test_case_id": "com.example.artgallery.ArtGalleryControllerTests.testDbAfterPutArtist", "evaluation_result": "INCORRECT"}, {"test_case_id": "com.example.artgallery.ArtGalleryControllerTests.testDeleteArtistNotFound", "evaluation_result": "INCORRECT"}, {"test_case_id": "com.example.artgallery.ArtGalleryControllerTests.testDeleteArtist", "evaluation_result": "INCORRECT"}, {"test_case_id": "com.example.artgallery.ArtGalleryControllerTests.testAfterDeleteArtist", "evaluation_result": "INCORRECT"}, {"test_case_id": "com.example.artgallery.ArtGalleryControllerTests.testDeleteGalleryNotFound", "evaluation_result": "INCORRECT"}, {"test_case_id": "com.example.artgallery.ArtGalleryControllerTests.testDeleteGallery", "evaluation_result": "INCORRECT"}, {"test_case_id": "com.example.artgallery.ArtGalleryControllerTests.testAfterDeleteGallery", "evaluation_result": "INCORRECT"}, {"test_case_id": "com.example.artgallery.ArtGalleryControllerTests.testGetGalleryByArtistId", "evaluation_result": "INCORRECT"}, {"test_case_id": "com.example.artgallery.ArtGalleryControllerTests.testGetArtistByGalleryId", "evaluation_result": "INCORRECT"}, {"test_case_id": "com.example.artgallery.SmokeTest.contextLoads", "evaluation_result": "INCORRECT"}]}